Workbook

Sheet Amazon Dataset
A1: date | B1: open | C1: high | D1: low | E1: close | F1: adj_close | G1: volume | H1: Year | I1: MonthNum | J1: Month | K1: Weekday
B2: AMZN | C2: AMZN | D2: AMZN | E2: AMZN | F2: AMZN | G2: AMZN
A3: 35565 | B3: 0.121875 | C3: 0.125 | D3: 0.096354 | E3: 0.097916998 | F3: 0.097916998 | G3: 1443120000 | H3: =YEAR($A3) -> 1997 | I3: =MONTH($A3) -> 5 | J3: =TEXT($A3,"mmm") -> May | K3: =TEXT($A3,"ddd") -> Thu
A4: 35566 | B4: 0.098438002 | C4: 0.098958001 | D4: 0.085417002 | E4: 0.086457998 | F4: 0.086457998 | G4: 294000000 | H4: =YEAR($A4) -> 1997 | I4: =MONTH($A4) -> 5 | J4: =TEXT($A4,"mmm") -> May | K4: =TEXT($A4,"ddd") -> Fri
A5: 35569 | B5: 0.088021003 | C5: 0.088541999 | D5: 0.081249997 | E5: 0.085417002 | F5: 0.085417002 | G5: 122136000 | H5: =YEAR($A5) -> 1997 | I5: =MONTH($A5) -> 5 | J5: =TEXT($A5,"mmm") -> May | K5: =TEXT($A5,"ddd") -> Mon
A6: 35570 | B6: 0.086457998 | C6: 0.087499999 | D6: 0.081771001 | E6: 0.081771001 | F6: 0.081771001 | G6: 109344000 | H6: =YEAR($A6) -> 1997 | I6: =MONTH($A6) -> 5 | J6: =TEXT($A6,"mmm") -> May | K6: =TEXT($A6,"ddd") -> Tue
A7: 35571 | B7: 0.081771001 | C7: 0.082291998 | D7: 0.068750001 | E7: 0.071354002 | F7: 0.071354002 | G7: 377064000 | H7: =YEAR($A7) -> 1997 | I7: =MONTH($A7) -> 5 | J7: =TEXT($A7,"mmm") -> May | K7: =TEXT($A7,"ddd") -> Wed
A8: 35572 | B8: 0.071874999 | C8: 0.072396003 | D8: 0.065624997 | E8: 0.069792002 | F8: 0.069792002 | G8: 235536000 | H8: =YEAR($A8) -> 1997 | I8: =MONTH($A8) -> 5 | J8: =TEXT($A8,"mmm") -> May | K8: =TEXT($A8,"ddd") -> Thu
A9: 35573 | B9: 0.070312999 | C9: 0.076041996 | D9: 0.066666998 | E9: 0.075000003 | F9: 0.075000003 | G9: 318744000 | H9: =YEAR($A9) -> 1997 | I9: =MONTH($A9) -> 5 | J9: =TEXT($A9,"mmm") -> May | K9: =TEXT($A9,"ddd") -> Fri
A10: 35577 | B10: 0.075521 | C10: 0.082291998 | D10: 0.072916999 | E10: 0.079167001 | F10: 0.079167001 | G10: 173952000 | H10: =YEAR($A10) -> 1997 | I10: =MONTH($A10) -> 5 | J10: =TEXT($A10,"mmm") -> May | K10: =TEXT($A10,"ddd") -> Tue
A11: 35578 | B11: 0.081249997 | C11: 0.081771001 | D11: 0.076563001 | E11: 0.076563001 | F11: 0.076563001 | G11: 91488000 | H11: =YEAR($A11) -> 1997 | I11: =MONTH($A11) -> 5 | J11: =TEXT($A11,"mmm") -> May | K11: =TEXT($A11,"ddd") -> Wed
A12: 35579 | B12: 0.077082999 | C12: 0.077082999 | D12: 0.073958002 | E12: 0.075259998 | F12: 0.075259998 | G12: 69456000 | H12: =YEAR($A12) -> 1997 | I12: =MONTH($A12) -> 5 | J12: =TEXT($A12,"mmm") -> May | K12: =TEXT($A12,"ddd") -> Thu
A13: 35580 | B13: 0.075000003 | C13: 0.075521 | D13: 0.073958002 | E13: 0.075000003 | F13: 0.075000003 | G13: 51888000 | H13: =YEAR($A13) -> 1997 | I13: =MONTH($A13) -> 5 | J13: =TEXT($A13,"mmm") -> May | K13: =TEXT($A13,"ddd") -> Fri
A14: 35583 | B14: 0.075521 | C14: 0.076563001 | D14: 0.075000003 | E14: 0.075521 | F14: 0.075521 | G14: 11832000 | H14: =YEAR($A14) -> 1997 | I14: =MONTH($A14) -> 6 | J14: =TEXT($A14,"mmm") -> Jun | K14: =TEXT($A14,"ddd") -> Mon
... A7129: 45912 | B7129: 230.35001 | C7129: 230.78999 | D7129: 226.28999 | E7129: 228.14999 | F7129: 228.14999 | G7129: 38447500 | H7129: =YEAR($A7129) -> 2025 | I7129: =MONTH($A7129) -> 9 | J7129: =TEXT($A7129,"mmm") -> Sep | K7129: =TEXT($A7129,"ddd") -> Fri

Sheet Calc
A1: Weekday | B1: Avg Open | C1: Avg Close | D1: Avg High | E1: Avg Low | F1: Total Volume | H1: Month | I1: Avg Adj Close | J1: Avg Volume | L1: Year | M1: Avg Adj Close | P1: Weekday | Q1: Total Volume | S1: Weekday | T1: Avg High | U1: Avg Low | W1: Month | X1: Avg Volume
A2: Mon | B2: =AVERAGEIF('Amazon Dataset'!$K$3:$K$7129,$A2,'Amazon Dataset'!$B$3:$B$7129) -> 43.773804 | C2: =AVERAGEIF('Amazon Dataset'!$K$3:$K$7129,$A2,'Amazon Dataset'!$E$3:$E$7129) -> 43.811167 | D2: =AVERAGEIF('Amazon Dataset'!$K$3:$K$7129,$A2,'Amazon Dataset'!$C$3:$C$7129) -> 44.317684 | E2: =AVERAGEIF('Amazon Dataset'!$K$3:$K$7129,$A2,'Amazon Dataset'!$D$3:$D$7129) -> 43.222789 | F2: =SUMIF('Amazon Dataset'!$K$3:$K$7129,$A2,'Amazon Dataset'!$G$3:$G$7129) -> 168559175600 | H2: Jan | I2: =AVERAGEIF('Amazon Dataset'!$J$3:$J$7129,$H2,'Amazon Dataset'!$F$3:$F$7129) -> 42.878783 | J2: =AVERAGEIF('Amazon Dataset'!$J$3:$J$7129,$H2,'Amazon Dataset'!$G$3:$G$7129) -> 1.5638361e+08 | L2: 1997 | M2: =AVERAGEIF('Amazon Dataset'!$H$3:$H$7129,$L2,'Amazon Dataset'!$F$3:$F$7129) -> 0.15632001 | P2: =$A2 -> Mon | Q2: =$F2 -> 168559175600 | S2: =$A2 -> Mon | T2: =$D2 -> 44.317684 | U2: =$E2 -> 43.222789 | W2: =$H2 -> Jan | X2: =$J2 -> 1.5638361e+08
A3: Tue | B3: =AVERAGEIF('Amazon Dataset'!$K$3:$K$7129,$A3,'Amazon Dataset'!$B$3:$B$7129) -> 44.194496 | C3: =AVERAGEIF('Amazon Dataset'!$K$3:$K$7129,$A3,'Amazon Dataset'!$E$3:$E$7129) -> 44.222247 | D3: =AVERAGEIF('Amazon Dataset'!$K$3:$K$7129,$A3,'Amazon Dataset'!$C$3:$C$7129) -> 44.718791 | E3: =AVERAGEIF('Amazon Dataset'!$K$3:$K$7129,$A3,'Amazon Dataset'!$D$3:$D$7129) -> 43.659737 | F3: =SUMIF('Amazon Dataset'!$K$3:$K$7129,$A3,'Amazon Dataset'!$G$3:$G$7129) -> 195065106800 | H3: Feb | I3: =AVERAGEIF('Amazon Dataset'!$J$3:$J$7129,$H3,'Amazon Dataset'!$F$3:$F$7129) -> 44.120956 | J3: =AVERAGEIF('Amazon Dataset'!$J$3:$J$7129,$H3,'Amazon Dataset'!$G$3:$G$7129) -> 1.3883864e+08 | L3: 1998 | M3: =AVERAGEIF('Amazon Dataset'!$H$3:$H$7129,$L3,'Amazon Dataset'!$F$3:$F$7129) -> 0.78305569 | P3: =$A3 -> Tue | Q3: =$F3 -> 195065106800 | S3: =$A3 -> Tue | T3: =$D3 -> 44.718791 | U3: =$E3 -> 43.659737 | W3: =$H3 -> Feb | X3: =$J3 -> 1.3883864e+08
A4: Wed | B4: =AVERAGEIF('Amazon Dataset'!$K$3:$K$7129,$A4,'Amazon Dataset'!$B$3:$B$7129) -> 43.830163 | C4: =AVERAGEIF('Amazon Dataset'!$K$3:$K$7129,$A4,'Amazon Dataset'!$E$3:$E$7129) -> 43.827638 | D4: =AVERAGEIF('Amazon Dataset'!$K$3:$K$7129,$A4,'Amazon Dataset'!$C$3:$C$7129) -> 44.352553 | E4: =AVERAGEIF('Amazon Dataset'!$K$3:$K$7129,$A4,'Amazon Dataset'!$D$3:$D$7129) -> 43.29456 | F4: =SUMIF('Amazon Dataset'!$K$3:$K$7129,$A4,'Amazon Dataset'!$G$3:$G$7129) -> 204974900300 | H4: Mar | I4: =AVERAGEIF('Amazon Dataset'!$J$3:$J$7129,$H4,'Amazon Dataset'!$F$3:$F$7129) -> 42.810522 | J4: =AVERAGEIF('Amazon Dataset'!$J$3:$J$7129,$H4,'Amazon Dataset'!$G$3:$G$7129) -> 1.1711323e+08 | L4: 1999 | M4: =AVERAGEIF('Amazon Dataset'!$H$3:$H$7129,$L4,'Amazon Dataset'!$F$3:$F$7129) -> 3.4531158 | P4: =$A4 -> Wed | Q4: =$F4 -> 204974900300 | S4: =$A4 -> Wed | T4: =$D4 -> 44.352553 | U4: =$E4 -> 43.29456 | W4: =$H4 -> Mar | X4: =$J4 -> 1.1711323e+08
A5: Thu | B5: =AVERAGEIF('Amazon Dataset'!$K$3:$K$7129,$A5,'Amazon Dataset'!$B$3:$B$7129) -> 44.057496 | C5: =AVERAGEIF('Amazon Dataset'!$K$3:$K$7129,$A5,'Amazon Dataset'!$E$3:$E$7129) -> 44.032012 | D5: =AVERAGEIF('Amazon Dataset'!$K$3:$K$7129,$A5,'Amazon Dataset'!$C$3:$C$7129) -> 44.578022 | E5: =AVERAGEIF('Amazon Dataset'!$K$3:$K$7129,$A5,'Amazon Dataset'!$D$3:$D$7129) -> 43.489066 | F5: =SUMIF('Amazon Dataset'!$K$3:$K$7129,$A5,'Amazon Dataset'!$G$3:$G$7129) -> 200199662400 | H5: Apr | I5: =AVERAGEIF('Amazon Dataset'!$J$3:$J$7129,$H5,'Amazon Dataset'!$F$3:$F$7129) -> 44.491012 | J5: =AVERAGEIF('Amazon Dataset'!$J$3:$J$7129,$H5,'Amazon Dataset'!$G$3:$G$7129) -> 1.423178e+08 | L5: 2000 | M5: =AVERAGEIF('Amazon Dataset'!$H$3:$H$7129,$L5,'Amazon Dataset'!$F$3:$F$7129) -> 2.3266834 | P5: =$A5 -> Thu | Q5: =$F5 -> 200199662400 | S5: =$A5 -> Thu | T5: =$D5 -> 44.578022 | U5: =$E5 -> 43.489066 | W5: =$H5 -> Apr | X5: =$J5 -> 1.423178e+08
A6: Fri | B6: =AVERAGEIF('Amazon Dataset'!$K$3:$K$7129,$A6,'Amazon Dataset'!$B$3:$B$7129) -> 44.124077 | C6: =AVERAGEIF('Amazon Dataset'!$K$3:$K$7129,$A6,'Amazon Dataset'!$E$3:$E$7129) -> 44.06248 | D6: =AVERAGEIF('Amazon Dataset'!$K$3:$K$7129,$A6,'Amazon Dataset'!$C$3:$C$7129) -> 44.589775 | E6: =AVERAGEIF('Amazon Dataset'!$K$3:$K$7129,$A6,'Amazon Dataset'!$D$3:$D$7129) -> 43.528207 | F6: =SUMIF('Amazon Dataset'!$K$3:$K$7129,$A6,'Amazon Dataset'!$G$3:$G$7129) -> 188234568200 | H6: May | I6: =AVERAGEIF('Amazon Dataset'!$J$3:$J$7129,$H6,'Amazon Dataset'!$F$3:$F$7129) -> 43.924224 | J6: =AVERAGEIF('Amazon Dataset'!$J$3:$J$7129,$H6,'Amazon Dataset'!$G$3:$G$7129) -> 1.1935396e+08 | L6: 2001 | M6: =AVERAGEIF('Amazon Dataset'!$H$3:$H$7129,$L6,'Amazon Dataset'!$F$3:$F$7129) -> 0.61002129 | P6: =$A6 -> Fri | Q6: =$F6 -> 188234568200 | S6: =$A6 -> Fri | T6: =$D6 -> 44.589775 | U6: =$E6 -> 43.528207 | W6: =$H6 -> May | X6: =$J6 -> 1.1935396e+08
H7: Jun | I7: =AVERAGEIF('Amazon Dataset'!$J$3:$J$7129,$H7,'Amazon Dataset'!$F$3:$F$7129) -> 44.081855 | J7: =AVERAGEIF('Amazon Dataset'!$J$3:$J$7129,$H7,'Amazon Dataset'!$G$3:$G$7129) -> 1.2297762e+08 | L7: 2002 | M7: =AVERAGEIF('Amazon Dataset'!$H$3:$H$7129,$L7,'Amazon Dataset'!$F$3:$F$7129) -> 0.82420635 | W7: =$H7 -> Jun | X7: =$J7 -> 1.2297762e+08
H8: Jul | I8: =AVERAGEIF('Amazon Dataset'!$J$3:$J$7129,$H8,'Amazon Dataset'!$F$3:$F$7129) -> 47.94087 | J8: =AVERAGEIF('Amazon Dataset'!$J$3:$J$7129,$H8,'Amazon Dataset'!$G$3:$G$7129) -> 1.4844781e+08 | L8: 2003 | M8: =AVERAGEIF('Amazon Dataset'!$H$3:$H$7129,$L8,'Amazon Dataset'!$F$3:$F$7129) -> 1.8870694 | W8: =$H8 -> Jul | X8: =$J8 -> 1.4844781e+08
A9: KEY FACTS | H9: Aug | I9: =AVERAGEIF('Amazon Dataset'!$J$3:$J$7129,$H9,'Amazon Dataset'!$F$3:$F$7129) -> 47.474446 | J9: =AVERAGEIF('Amazon Dataset'!$J$3:$J$7129,$H9,'Amazon Dataset'!$G$3:$G$7129) -> 1.0961076e+08 | L9: 2004 | M9: =AVERAGEIF('Amazon Dataset'!$H$3:$H$7129,$L9,'Amazon Dataset'!$F$3:$F$7129) -> 2.1782619 | W9: =$H9 -> Aug | X9: =$J9 -> 1.0961076e+08
A10: Trading days | B10: =COUNT('Amazon Dataset'!$F$3:$F$7129) -> 7127 | H10: Sep | I10: =AVERAGEIF('Amazon Dataset'!$J$3:$J$7129,$H10,'Amazon Dataset'!$F$3:$F$7129) -> 44.823981 | J10: =AVERAGEIF('Amazon Dataset'!$J$3:$J$7129,$H10,'Amazon Dataset'!$G$3:$G$7129) -> 1.2997819e+08 | L10: 2005 | M10: =AVERAGEIF('Amazon Dataset'!$H$3:$H$7129,$L10,'Amazon Dataset'!$F$3:$F$7129) -> 1.9948552 | W10: =$H10 -> Sep | X10: =$J10 -> 1.2997819e+08
A11: First date | B11: =MIN('Amazon Dataset'!$A$3:$A$7129) -> 35565 | H11: Oct | I11: =AVERAGEIF('Amazon Dataset'!$J$3:$J$7129,$H11,'Amazon Dataset'!$F$3:$F$7129) -> 40.88379 | J11: =AVERAGEIF('Amazon Dataset'!$J$3:$J$7129,$H11,'Amazon Dataset'!$G$3:$G$7129) -> 1.489953e+08 | L11: 2006 | M11: =AVERAGEIF('Amazon Dataset'!$H$3:$H$7129,$L11,'Amazon Dataset'!$F$3:$F$7129) -> 1.7954661 | W11: =$H11 -> Oct | X11: =$J11 -> 1.489953e+08
A12: Last date | B12: =MAX('Amazon Dataset'!$A$3:$A$7129) -> 45912 | H12: Nov | I12: =AVERAGEIF('Amazon Dataset'!$J$3:$J$7129,$H12,'Amazon Dataset'!$F$3:$F$7129) -> 41.896076 | J12: =AVERAGEIF('Amazon Dataset'!$J$3:$J$7129,$H12,'Amazon Dataset'!$G$3:$G$7129) -> 1.4854719e+08 | L12: 2007 | M12: =AVERAGEIF('Amazon Dataset'!$H$3:$H$7129,$L12,'Amazon Dataset'!$F$3:$F$7129) -> 3.3614741 | W12: =$H12 -> Nov | X12: =$J12 -> 1.4854719e+08
A13: First adj close | B13: =INDEX('Amazon Dataset'!$F$3:$F$7129,MATCH(MIN('Amazon Dataset'!$A$3:$A$7129),'Amazon Dataset'!$A$3:$A$7129,0)) -> 0.097916998 | H13: Dec | I13: =AVERAGEIF('Amazon Dataset'!$J$3:$J$7129,$H13,'Amazon Dataset'!$F$3:$F$7129) -> 42.26141 | J13: =AVERAGEIF('Amazon Dataset'!$J$3:$J$7129,$H13,'Amazon Dataset'!$G$3:$G$7129) -> 1.3298464e+08 | L13: 2008 | M13: =AVERAGEIF('Amazon Dataset'!$H$3:$H$7129,$L13,'Amazon Dataset'!$F$3:$F$7129) -> 3.494002 | W13: =$H13 -> Dec | X13: =$J13 -> 1.3298464e+08
A14: Last adj close | B14: =INDEX('Amazon Dataset'!$F$3:$F$7129,MATCH(MAX('Amazon Dataset'!$A$3:$A$7129),'Amazon Dataset'!$A$3:$A$7129,0)) -> 228.14999 | L14: 2009 | M14: =AVERAGEIF('Amazon Dataset'!$H$3:$H$7129,$L14,'Amazon Dataset'!$F$3:$F$7129) -> 4.3640913
A15: Total growth (x) | B15: =B14/B13 -> 2330.0346 | L15: 2010 | M15: =AVERAGEIF('Amazon Dataset'!$H$3:$H$7129,$L15,'Amazon Dataset'!$F$3:$F$7129) -> 6.9570198
A16: Years | B16: =(B12-B11)/365.25 -> 28.328542 | L16: 2011 | M16: =AVERAGEIF('Amazon Dataset'!$H$3:$H$7129,$L16,'Amazon Dataset'!$F$3:$F$7129) -> 9.8336012
A17: CAGR | B17: =(B14/B13)^(1/B16)-1 -> 0.3148257 | L17: 2012 | M17: =AVERAGEIF('Amazon Dataset'!$H$3:$H$7129,$L17,'Amazon Dataset'!$F$3:$F$7129) -> 11.015182
A18: All-time high (close) | B18: =MAX('Amazon Dataset'!$F$3:$F$7129) -> 242.06 | L18: 2013 | M18: =AVERAGEIF('Amazon Dataset'!$H$3:$H$7129,$L18,'Amazon Dataset'!$F$3:$F$7129) -> 14.901579
A19: All-time high date | B19: =INDEX('Amazon Dataset'!$A$3:$A$7129,MATCH(MAX('Amazon Dataset'!$F$3:$F$7129),'Amazon Dataset'!$F$3:$F$7129,0)) -> 45692 | L19: 2014 | M19: =AVERAGEIF('Amazon Dataset'!$H$3:$H$7129,$L19,'Amazon Dataset'!$F$3:$F$7129) -> 16.627552
A20: Avg daily volume | B20: =AVERAGE('Amazon Dataset'!$G$3:$G$7129) -> 1.3428279e+08 | L20: 2015 | M20: =AVERAGEIF('Amazon Dataset'!$H$3:$H$7129,$L20,'Amazon Dataset'!$F$3:$F$7129) -> 23.906915
A21: Total volume | B21: =SUM('Amazon Dataset'!$G$3:$G$7129) -> 957033413300 | L21: 2016 | M21: =AVERAGEIF('Amazon Dataset'!$H$3:$H$7129,$L21,'Amazon Dataset'!$F$3:$F$7129) -> 34.976157
A22: Avg daily range (H-L) | B22: =AVERAGE('Amazon Dataset'!$C$3:$C$7129)-AVERAGE('Amazon Dataset'!$D$3:$D$7129) -> 1.0720887 | L22: 2017 | M22: =AVERAGEIF('Amazon Dataset'!$H$3:$H$7129,$L22,'Amazon Dataset'!$F$3:$F$7129) -> 48.408351
A23: Up days % | B23: {=SUMPRODUCT(--('Amazon Dataset'!$E$3:$E$7129>'Amazon Dataset'!$B$3:$B$7129))/COUNT('Amazon Dataset'!$E$3:$E$7129)} -> 0.50077171 | L23: 2018 | M23: =AVERAGEIF('Amazon Dataset'!$H$3:$H$7129,$L23,'Amazon Dataset'!$F$3:$F$7129) -> 82.086309
L24: 2019 | M24: =AVERAGEIF('Amazon Dataset'!$H$3:$H$7129,$L24,'Amazon Dataset'!$F$3:$F$7129) -> 89.45946
L25: 2020 | M25: =AVERAGEIF('Amazon Dataset'!$H$3:$H$7129,$L25,'Amazon Dataset'!$F$3:$F$7129) -> 134.04275
L26: 2021 | M26: =AVERAGEIF('Amazon Dataset'!$H$3:$H$7129,$L26,'Amazon Dataset'!$F$3:$F$7129) -> 167.19335
L27: 2022 | M27: =AVERAGEIF('Amazon Dataset'!$H$3:$H$7129,$L27,'Amazon Dataset'!$F$3:$F$7129) -> 126.09882
L28: 2023 | M28: =AVERAGEIF('Amazon Dataset'!$H$3:$H$7129,$L28,'Amazon Dataset'!$F$3:$F$7129) -> 121.3728
L29: 2024 | M29: =AVERAGEIF('Amazon Dataset'!$H$3:$H$7129,$L29,'Amazon Dataset'!$F$3:$F$7129) -> 184.62869
L30: 2025 | M30: =AVERAGEIF('Amazon Dataset'!$H$3:$H$7129,$L30,'Amazon Dataset'!$F$3:$F$7129) -> 213.03305

Sheet Dashboard
A1: AMAZON STOCK ANALYSIS
A4: Average of High | E4: Average of Low | I4: Average of Open | M4: Average of Close
A5: =AVERAGE('Amazon Dataset'!$C$3:$C$7129) -> 44.514152 | E5: =AVERAGE('Amazon Dataset'!$D$3:$D$7129) -> 43.442063 | I5: =AVERAGE('Amazon Dataset'!$B$3:$B$7129) -> 43.999074 | M5: =AVERAGE('Amazon Dataset'!$E$3:$E$7129) -> 43.993785
